CarNumber,SURNAME
Y163O8161RUS,ADAMS
E432XX77RUS,NGUYEN
7184TT36RUS,ROGERS
X582HE161RUS,EDWARDS
92918M178RUS,BROOKS
H234YH197RUS,CAMPBELL
E40577152RUS,HILL
707987163RUS,JOHNSON
K330T8197RUS,RODRIGUEZ
X786CO96RUS,MILLER
C477M7161RUS,PETERSON
O21997197RUS,RODRIGUEZ
M592CH197RUS,WARD
9020YC197RUS,TAYLOR
8182XX154RUS,LOPEZ
7830C8197RUS,RAMIREZ
7066C8197RUS,MURPHY
M298CH161RUS,JAMES
E445TC197RUS,ADAMS
8440XX154RUS,MYERS
9371CE154RUS,NELSON
9182CE154RUS,YOUNG
83298C154RUS,SANCHEZ
Y7659C197RUS,GARCIA
C922YE197RUS,HERNANDEZ
7364C8197RUS,ALVAREZ
M5039X197RUS,LEE
8603T8154RUS,RICHARDSON
92928M178RUS,WHITE
O672E8197RUS,BROWN
E42277152RUS,ROGERS
C903MC161RUS,SMITH
T7318T163RUS,THOMPSON
Y7719C197RUS,HALL
T011MY163RUS,JIMENEZ
H115YO163RUS,CARTER
73467Y96RUS,MITCHELL
O134HE197RUS,COOPER
H968HY161RUS,NELSON
Y654E8750RUS,YOUNG
H963HY161RUS,COOK
H232YH197RUS,HERNANDEZ
7843C8197RUS,CLARK
X791O796RUS,HUGHES
H958HY161RUS,MYERS
708587163RUS,THOMAS
Y973O8197RUS,COX
97977H178RUS,GREEN
H917TC36RUS,ANDERSON
Y7709C197RUS,PRICE
8513XX154RUS,BROOKS
T870X7163RUS,ANDERSON
8818C877RUS,ROBERTS
T395OT197RUS,NELSON
K327T8197RUS,KIM
8311XX154RUS,RUIZ
X423MK197RUS,REYES
96429X178RUS,PHILLIPS
O275O7161RUS,MITCHELL
7789KT197RUS,CAMPBELL
E28877161RUS,EVANS
T6068M116RUS,MITCHELL
9498KX178RUS,BAKER
99209X178RUS,MORRIS
T6449O50RUS,WOOD
9683EC178RUS,GARCIA
Y353O8197RUS,PETERSON
O719MM163RUS,CAMPBELL
E535MM199RUS,RAMOS
Y352O8197RUS,RAMIREZ
7788KT197RUS,BAKER
E807HE77RUS,LEWIS
M516CH161RUS,MENDOZA
89587X197RUS,MORRIS
7781KT197RUS,MENDOZA
E645TH36RUS,MARTINEZ
Y302E877RUS,WHITE
M058XE36RUS,MORGAN
8166XX154RUS,TURNER
M589CH197RUS,RAMIREZ
9408H7178RUS,ORTIZ
H387TM197RUS,REED
8049HT125RUS,HERNANDEZ
9698MO178RUS,ROSS
8685HE154RUS,ROGERS
7177TT36RUS,CARTER
O77997197RUS,PARKER
Y234E877RUS,WATSON
97987H178RUS,DIAZ
X257HE161RUS,SCOTT
T399KX197RUS,RAMOS
H957HY161RUS,CASTILLO
K379HY161RUS,RICHARDSON
T654HT96RUS,LOPEZ
8439XX154RUS,JAMES
Y965EE197RUS,BROOKS
X758HY197RUS,GUTIERREZ
M0279X197RUS,JAMES
H224X836RUS,CLARK
E6849O154RUS,HARRIS
O83797197RUS,PRICE
9402KK197RUS,JIMENEZ
7368C8197RUS,PEREZ
H427YH197RUS,RODRIGUEZ
9583EY178RUS,GARCIA
Y038E877RUS,SMITH
9822H8161RUS,WILSON
7826C8197RUS,HALL
E160YX77RUS,COOK
82337X197RUS,RIVERA
X757HY197RUS,ORTIZ
X765HY197RUS,CRUZ
934497178RUS,WHITE
K2807K154RUS,THOMPSON
T8008Y125RUS,ROSS
Y960EE197RUS,EVANS
7840C8197RUS,ROGERS
K846YE77RUS,MYERS
7827C8197RUS,ORTIZ
Y655E8750RUS,JOHNSON
H003MH197RUS,BROWN
Y7699C197RUS,WRIGHT
Y8399C197RUS,MITCHELL
9135X938RUS,BROWN
H385TM197RUS,BROOKS
9428EX178RUS,KELLY
H837YK197RUS,SANDERS
O83597197RUS,COX
E42577152RUS,ALLEN
E53277152RUS,FLORES
C476M7161RUS,ALLEN
9943KK197RUS,LONG
8165XX154RUS,SANDERS
T476KX197RUS,JIMENEZ
C422X938RUS,MURPHY
K328T8197RUS,REED
9466EX178RUS,JOHNSON
X256HE161RUS,SANCHEZ
Y275O8197RUS,ROBINSON
H217X836RUS,RODRIGUEZ
Y316E877RUS,JIMENEZ
8601XX154RUS,CHAVEZ
M741T9152RUS,REED
9883HX152RUS,ANDERSON
Y6829Y50RUS,BROWN
H004MH197RUS,RAMOS
704987163RUS,WARD
E316EH197RUS,YOUNG
O22297197RUS,COOPER
O02597197RUS,PETERSON
X015HY197RUS,NGUYEN
T769OT197RUS,ROGERS
Y778EE197RUS,LONG
7829C8197RUS,JONES
T272HH163RUS,ORTIZ
T018OX197RUS,LONG
Y255E877RUS,EDWARDS
9697MO178RUS,SANDERS
T686EO197RUS,DIAZ
C590EY154RUS,MORALES
T941CC96RUS,GREEN
O22397197RUS,CRUZ
X242EC197RUS,LOPEZ
T020OX197RUS,WILLIAMS
E33577152RUS,JAMES
E773EH197RUS,GOMEZ
T6428M116RUS,MORRIS
Y7129Y50RUS,MITCHELL
Y418EX197RUS,STEWART
Y7689C197RUS,SANCHEZ
E52877152RUS,WATSON
7369C8197RUS,MITCHELL
Y166O8161RUS,PATEL
705287163RUS,MARTIN
K559KC161RUS,HUGHES
M0299X197RUS,HOWARD
84418C154RUS,PEREZ
E53488152RUS,BENNETT
90159H178RUS,JIMENEZ
C798ET50RUS,CRUZ
Y193O8161RUS,WHITE
7248C8197RUS,MENDOZA
K357YE77RUS,THOMAS
E0697X152RUS,REED
E40877152RUS,MORGAN
Y351O8197RUS,HARRIS
Y356O8197RUS,CAMPBELL
O6939X163RUS,COOPER
Y7649C197RUS,BAILEY
9935TE152RUS,REED
704687163RUS,WARD
7197TT36RUS,MORRIS
O143HO197RUS,ROGERS
K436MO152RUS,FOSTER
9938OH154RUS,JIMENEZ
E34877152RUS,HALL
E5878M777RUS,PEREZ
7844C8197RUS,GUTIERREZ
C584EY154RUS,WILSON
E28977161RUS,PETERSON
T016OX197RUS,THOMAS
H889YK197RUS,HOWARD
7363C8197RUS,PEREZ
T6039O50RUS,MORGAN
7365C8197RUS,MORRIS
Y967O8197RUS,MOORE
E816HE77RUS,ALLEN
T6329O50RUS,BROWN
X504X8197RUS,RAMOS
M581CH197RUS,GREEN
X523OM161RUS,PETERSON
C412X938RUS,REED
7831C8197RUS,CRUZ
8164XX154RUS,KING
T6419O50RUS,MARTIN
E822TH36RUS,GUTIERREZ
8437XX154RUS,CRUZ
C515X938RUS,COOK
7172TT36RUS,HUGHES
8436XX154RUS,COX
E79988152RUS,STEWART
8180XX154RUS,PEREZ
84438C154RUS,NELSON
T6309O50RUS,FOSTER
T6129O50RUS,BROWN
K339T8197RUS,HALL
X782CO96RUS,BAILEY
E591HE77RUS,DAVIS
9499KX178RUS,KELLY
Y357O8197RUS,WOOD
Y652O8197RUS,RICHARDSON
X767HY197RUS,BROOKS
H220X836RUS,HALL
H218X836RUS,ROBINSON
T913CT197RUS,HARRIS
T6439O50RUS,ALLEN
7784KT197RUS,LEWIS
X286TC36RUS,RAMIREZ
O752MX161RUS,GARCIA
Y7449Y50RUS,CASTILLO
92828M178RUS,MYERS
Y650E8750RUS,MILLER
8321XX154RUS,GOMEZ
8316XX154RUS,WILSON
T017OX197RUS,MOORE
H977HY161RUS,CASTILLO
X522OM161RUS,BROWN
O085E8197RUS,HOWARD
705387163RUS,COOPER
O017KO197RUS,HERNANDEZ
X4138H125RUS,CLARK
8441XX154RUS,BENNETT
M0269X197RUS,PARKER
T483CT96RUS,MORGAN
T940CC96RUS,TAYLOR
C58078163RUS,GREEN
O02397197RUS,COLLINS
8611T8154RUS,HILL
704787163RUS,ANDERSON
C313MM99RUS,MURPHY
X763HY197RUS,JACKSON
M386M9197RUS,MORALES
8605T8154RUS,ALVAREZ
7147OE161RUS,EDWARDS
7361C8197RUS,DIAZ
Y359EY197RUS,MARTINEZ
T6559O50RUS,GREEN
9469EX178RUS,ADAMS
Y6839Y50RUS,MARTIN
H237YH197RUS,HERNANDEZ
T948OM96RUS,SCOTT
T395KX197RUS,JAMES
M301CH161RUS,RAMIREZ
9496KX178RUS,NELSON
T6319O50RUS,JOHNSON
H305T8197RUS,MORALES
8201XX154RUS,MURPHY
O64297197RUS,HILL
9523M8178RUS,ROBERTS
Y273O8197RUS,RIVERA
T6229O50RUS,GUTIERREZ
X023HY197RUS,MENDOZA
8226XX154RUS,CHAVEZ
Y038TO197RUS,ANDERSON
M0289X197RUS,SMITH
E811HE77RUS,MILLER
X795O796RUS,WILLIAMS
O39997197RUS,MARTINEZ
97968K152RUS,RODRIGUEZ
H219X836RUS,COOK
T6169O50RUS,THOMAS
94178K154RUS,DIAZ
9467EX178RUS,BENNETT
O78097197RUS,NGUYEN
X5707X161RUS,MORALES
Y232E877RUS,WHITE
Y388E877RUS,GOMEZ
X255HE161RUS,KELLY
E552MO152RUS,BROWN
97998K152RUS,COLLINS
Y963O8197RUS,EVANS
T477KX197RUS,WALKER
T2639T116RUS,MITCHELL
O49797197RUS,COOPER
O68897197RUS,COOPER
72457Y96RUS,TAYLOR
7064C8197RUS,MOORE
E948C8152RUS,CARTER
C514X938RUS,SANDERS
C589EY154RUS,THOMPSON
K899T8197RUS,GONZALEZ
T6418M116RUS,PRICE
8607XX154RUS,WRIGHT
92778M178RUS,HOWARD
T288CT96RUS,REYES
9886HX152RUS,BROOKS
C583EY154RUS,JOHNSON
C592EY154RUS,EDWARDS
T6459O50RUS,EDWARDS
X759HY197RUS,LEWIS
705787163RUS,MYERS
92898M178RUS,HALL
9671EC178RUS,ROBINSON
M302CH161RUS,KIM
M578CH197RUS,RIVERA
Y207O8161RUS,CASTILLO
96659X178RUS,FOSTER
T912CT197RUS,RUIZ
7183TT36RUS,SCOTT
89557X197RUS,ALLEN
Y359O8197RUS,BAILEY
K2817K154RUS,ALLEN
Y964O8197RUS,JOHNSON
H967HY161RUS,REYES
E394MO152RUS,EVANS
O50699163RUS,BAKER
9463EX178RUS,HOWARD
E53677152RUS,SANDERS
K338T8197RUS,CASTILLO
Y4298M777RUS,WHITE
Y687HM197RUS,BROOKS
98037H178RUS,LONG
7828C8197RUS,PATEL
H980HY161RUS,GREEN
H906YK197RUS,JACKSON
7199MT197RUS,THOMAS
X908XC197RUS,MENDOZA
T171CC96RUS,JOHNSON
X4108H125RUS,ALLEN
Y966O8197RUS,WRIGHT
K2797K154RUS,COX
7089H8163RUS,KIM
7841C8197RUS,DIAZ
9940KK197RUS,RIVERA
H971HY161RUS,TORRES
H844YH197RUS,HUGHES
E33477152RUS,NELSON
Y156E877RUS,JONES
E396MO152RUS,MORALES
Y969O8197RUS,SMITH
9028CO161RUS,RIVERA
T6249O50RUS,WATSON
E42377152RUS,HARRIS
9941KK197RUS,ALVAREZ
M372CH197RUS,ANDERSON
K040CC197RUS,COLLINS
E41577152RUS,MARTINEZ
9763HY161RUS,NELSON
T535ET96RUS,CLARK
H961HY161RUS,HERNANDEZ
M2169X197RUS,CRUZ
8234XX154RUS,BROWN
O83697197RUS,COLLINS
E52677152RUS,WHITE
8451M7154RUS,SCOTT
9589EY178RUS,BROWN
H907YK197RUS,RAMIREZ
O39897197RUS,RAMOS
M3879X197RUS,GREEN
C299K9154RUS,DAVIS
9468EX178RUS,REED
M375CH197RUS,MARTIN
H982HY161RUS,GUTIERREZ
8224XX154RUS,MENDOZA
Y653E8750RUS,HARRIS
K558KC161RUS,MARTINEZ
O058M7161RUS,KELLY
M256OH161RUS,ALLEN
T242H8197RUS,WALKER
K27188138RUS,GRAY
96629X178RUS,YOUNG
9881HX152RUS,GARCIA
T479KX197RUS,MILLER
M680T9152RUS,WILLIAMS
C410X938RUS,SANCHEZ
X762HY197RUS,COLLINS
9470EX178RUS,PHILLIPS
X4128H125RUS,REYES
9762HY161RUS,HALL
H419XE197RUS,FLORES
98017H178RUS,CASTILLO
Y780EE197RUS,THOMPSON
M580CH197RUS,MARTIN
9943OH154RUS,NGUYEN
Y354O8197RUS,MITCHELL
7065C8197RUS,RAMOS
E28777161RUS,ROBERTS
M701T9152RUS,KIM
E577HE77RUS,ORTIZ
92788M178RUS,KING
9072EM178RUS,ROGERS
9409H7178RUS,HILL
C3829X154RUS,COOK
T478KX197RUS,CLARK
T119CT96RUS,WRIGHT
708487163RUS,JOHNSON
H983HY161RUS,ANDERSON
7842C8197RUS,SCOTT
O64097197RUS,MURPHY
Y693HM197RUS,ROGERS
96857X197RUS,MARTINEZ
T394KX197RUS,PATEL
O49897197RUS,BENNETT
H963X936RUS,JAMES
T341CC96RUS,MORGAN
9942KK197RUS,MARTINEZ
9141H8178RUS,MORALES
7370C8197RUS,RIVERA
9890HX152RUS,CARTER
M268CH197RUS,CHAVEZ
C419X938RUS,GONZALEZ
M0319X197RUS,COOPER
M577CH197RUS,ROSS
H975HY161RUS,ORTIZ
X018HY197RUS,ALLEN
E33177152RUS,WILLIAMS
9491H7178RUS,MORRIS
M374CH197RUS,EVANS
96679X178RUS,PHILLIPS
9594HY161RUS,NELSON
83218C154RUS,COOK
9764HY161RUS,COLLINS
708187163RUS,PEREZ
H908YK197RUS,RODRIGUEZ
Y656E8750RUS,RAMIREZ
9679EC178RUS,MYERS
C803KE163RUS,JACKSON
Y7379Y50RUS,STEWART
X320MK197RUS,RIVERA
96907X197RUS,MITCHELL
H235YH197RUS,THOMAS
9474EX178RUS,COOK
Y8259C197RUS,MOORE
E29577161RUS,MORGAN
X761HY197RUS,BENNETT
T396KX197RUS,COOPER
C593EY154RUS,RUIZ
Y164O8161RUS,MORALES
M942OT152RUS,ADAMS
Y7429Y50RUS,MORRIS
H976HY161RUS,ALVAREZ
Y195O8161RUS,NELSON
O669E8197RUS,HOWARD
Y187O8161RUS,PATEL
K329T8197RUS,PEREZ
9677MO178RUS,MORRIS
9939KK197RUS,GONZALEZ
M373CH197RUS,JACKSON
7164YM36RUS,WRIGHT
O753MX161RUS,CARTER
T6488M116RUS,CHAVEZ
98047H178RUS,ROBINSON
9488EY178RUS,TORRES
O481OH77RUS,MITCHELL
K326T8197RUS,NGUYEN
X796TH96RUS,HERNANDEZ
Y358O8197RUS,WRIGHT
C420X938RUS,THOMAS
Y965O8197RUS,GARCIA
Y274O8197RUS,FLORES
E223YM197RUS,MITCHELL
Y964EE197RUS,TURNER
T6049O50RUS,MORALES
H259HY161RUS,BENNETT
Y344E877RUS,BAILEY
K889HY161RUS,MENDOZA
H214X836RUS,MORALES
O421OT161RUS,WATSON
7360C8197RUS,EDWARDS
Y194O8161RUS,WHITE
T6359O50RUS,WILLIAMS
E29677161RUS,ORTIZ
T020MM116RUS,CHAVEZ
9502XX38RUS,GRAY
8521XX154RUS,RIVERA
K376HE161RUS,BENNETT
7193TT36RUS,RUIZ
O785T9163RUS,WATSON
H618YC38RUS,JACKSON
9068EM178RUS,REYES
7783KT197RUS,KIM
Y305E877RUS,BAKER
E881OT197RUS,ALVAREZ
O718MM163RUS,WATSON
9975CC77RUS,RUIZ
T195OK161RUS,JONES
T914CT197RUS,TAYLOR
E41977152RUS,MENDOZA
PY33187O8161RUS,BENNETT
PY13387O8162RUS,RAMOS
PY13387O8163RUS,ROSS
